,k_detach,k_ATP,motor,alpha
0,25.12535477919973,1.5266837948722982,ncd,
0,,26.245591581028577,k401,915.6811359844947
