,threshold,alpha (1/s),D (median)
0,0.9,0.002,0.0
1,0.91,0.002,0.0
2,0.92,0.002,0.0
3,0.93,0.002,0.0005
4,0.9400000000000001,0.002,0.0005
5,0.9500000000000001,0.002,0.0005
6,0.9600000000000001,0.002,0.001
7,0.9700000000000001,0.002,0.001
8,0.9800000000000001,0.002,0.001
9,0.9900000000000001,0.002,0.0015
