,pxl_per_micron,micron_per_pixel,objective
0,3.413636363636363,0.29294274300932094,20
